area,Date,C_weekly,provenance
Buckinghamshire,2020-08-01, 28,inferred
Buckinghamshire,2020-08-02, 28,inferred
Buckinghamshire,2020-08-03, 28,inferred
Buckinghamshire,2020-08-04, 28,inferred
Buckinghamshire,2020-08-05, 28,inferred
Buckinghamshire,2020-08-06, 28,inferred
Buckinghamshire,2020-08-07, 28,inferred
Buckinghamshire,2020-08-08, 36,inferred
Buckinghamshire,2020-08-09, 36,inferred
Buckinghamshire,2020-08-10, 36,inferred
Buckinghamshire,2020-08-11, 36,inferred
Buckinghamshire,2020-08-12, 36,inferred
Buckinghamshire,2020-08-13, 36,inferred
Buckinghamshire,2020-08-14, 36,inferred
Buckinghamshire,2020-08-15, 47,inferred
Buckinghamshire,2020-08-16, 47,inferred
Buckinghamshire,2020-08-17, 47,inferred
Buckinghamshire,2020-08-18, 47,inferred
Buckinghamshire,2020-08-19, 47,inferred
Buckinghamshire,2020-08-20, 47,inferred
Buckinghamshire,2020-08-21, 47,inferred
Buckinghamshire,2020-08-22, 60,inferred
Buckinghamshire,2020-08-23, 60,inferred
Buckinghamshire,2020-08-24, 60,inferred
Buckinghamshire,2020-08-25, 60,inferred
Buckinghamshire,2020-08-26, 60,inferred
Buckinghamshire,2020-08-27, 60,inferred
Buckinghamshire,2020-08-28, 60,inferred
Buckinghamshire,2020-08-29, 86,inferred
Buckinghamshire,2020-08-30, 86,inferred
Buckinghamshire,2020-08-31, 86,inferred
Buckinghamshire,2020-09-01, 86,inferred
Buckinghamshire,2020-09-02, 86,inferred
Buckinghamshire,2020-09-03, 86,inferred
Buckinghamshire,2020-09-04, 86,inferred
Buckinghamshire,2020-09-05, 62,inferred
Buckinghamshire,2020-09-06, 62,inferred
Buckinghamshire,2020-09-07, 62,inferred
Buckinghamshire,2020-09-08, 62,inferred
Buckinghamshire,2020-09-09, 62,inferred
Buckinghamshire,2020-09-10, 62,inferred
Buckinghamshire,2020-09-11, 62,inferred
Buckinghamshire,2020-09-12, 79,inferred
Buckinghamshire,2020-09-13, 79,inferred
Buckinghamshire,2020-09-14, 79,inferred
Buckinghamshire,2020-09-15, 79,inferred
Buckinghamshire,2020-09-16, 79,inferred
Buckinghamshire,2020-09-17, 79,inferred
Buckinghamshire,2020-09-18, 79,inferred
Buckinghamshire,2020-09-19,102,inferred
Buckinghamshire,2020-09-20,102,inferred
Buckinghamshire,2020-09-21,102,inferred
Buckinghamshire,2020-09-22,102,inferred
Buckinghamshire,2020-09-23,102,inferred
Buckinghamshire,2020-09-24,102,inferred
Buckinghamshire,2020-09-25,102,inferred
Buckinghamshire,2020-09-26,159,inferred
Buckinghamshire,2020-09-27,159,inferred
Buckinghamshire,2020-09-28,159,inferred
Buckinghamshire,2020-09-29,159,inferred
Buckinghamshire,2020-09-30,159,inferred
Buckinghamshire,2020-10-01,159,inferred
Buckinghamshire,2020-10-02,159,inferred
Buckinghamshire,2020-10-03,360,inferred
Buckinghamshire,2020-10-04,360,inferred
Buckinghamshire,2020-10-05,360,inferred
Buckinghamshire,2020-10-06,360,inferred
Buckinghamshire,2020-10-07,360,inferred
Buckinghamshire,2020-10-08,360,inferred
Buckinghamshire,2020-10-09,360,inferred
Buckinghamshire,2020-10-10,391,inferred
Buckinghamshire,2020-10-11,391,inferred
Buckinghamshire,2020-10-12,391,inferred
Buckinghamshire,2020-10-13,391,inferred
Buckinghamshire,2020-10-14,391,inferred
Buckinghamshire,2020-10-15,391,inferred
Buckinghamshire,2020-10-16,391,inferred
Buckinghamshire,2020-10-17,605,inferred
Buckinghamshire,2020-10-18,605,inferred
Buckinghamshire,2020-10-19,605,inferred
Buckinghamshire,2020-10-20,605,inferred
Buckinghamshire,2020-10-21,605,inferred
Buckinghamshire,2020-10-22,605,inferred
Buckinghamshire,2020-10-23,605,inferred
Buckinghamshire,2020-10-24,646,inferred
Buckinghamshire,2020-10-25,646,inferred
Buckinghamshire,2020-10-26,646,inferred
Buckinghamshire,2020-10-27,646,inferred
Buckinghamshire,2020-10-28,646,inferred
Buckinghamshire,2020-10-29,646,inferred
Buckinghamshire,2020-10-30,646,inferred
Buckinghamshire,2020-10-31,759,inferred
Buckinghamshire,2020-11-01,759,inferred
Buckinghamshire,2020-11-02,759,inferred
Buckinghamshire,2020-11-03,759,inferred
Buckinghamshire,2020-11-04,759,inferred
Buckinghamshire,2020-11-05,759,inferred
Buckinghamshire,2020-11-06,759,inferred
Buckinghamshire,2020-11-07,915,inferred
Buckinghamshire,2020-11-08,915,inferred
Buckinghamshire,2020-11-09,915,inferred
Buckinghamshire,2020-11-10,915,inferred
Buckinghamshire,2020-11-11,915,inferred
Buckinghamshire,2020-11-12,915,inferred
Buckinghamshire,2020-11-13,915,inferred
Buckinghamshire,2020-11-14,676,inferred
Buckinghamshire,2020-11-15,676,inferred
Buckinghamshire,2020-11-16,676,inferred
Buckinghamshire,2020-11-17,676,inferred
Buckinghamshire,2020-11-18,676,inferred
Buckinghamshire,2020-11-19,676,inferred
Buckinghamshire,2020-11-20,676,inferred
Buckinghamshire,2020-11-21,583,projected
Buckinghamshire,2020-11-22,583,projected
Buckinghamshire,2020-11-23,583,projected
Buckinghamshire,2020-11-24,583,projected
Buckinghamshire,2020-11-25,583,projected
Buckinghamshire,2020-11-26,583,projected
Buckinghamshire,2020-11-27,583,projected
Buckinghamshire,2020-11-28,647,projected
Buckinghamshire,2020-11-29,647,projected
Buckinghamshire,2020-11-30,647,projected
Buckinghamshire,2020-12-01,647,projected
Buckinghamshire,2020-12-02,647,projected
Buckinghamshire,2020-12-03,647,projected
Buckinghamshire,2020-12-04,647,projected
Buckinghamshire,2020-12-05,623,projected
Buckinghamshire,2020-12-06,623,projected
Buckinghamshire,2020-12-07,623,projected
Buckinghamshire,2020-12-08,623,projected
Buckinghamshire,2020-12-09,623,projected
Buckinghamshire,2020-12-10,623,projected
Buckinghamshire,2020-12-11,623,projected
Cherwell,2020-08-01,  7,inferred
Cherwell,2020-08-02,  7,inferred
Cherwell,2020-08-03,  7,inferred
Cherwell,2020-08-04,  7,inferred
Cherwell,2020-08-05,  7,inferred
Cherwell,2020-08-06,  7,inferred
Cherwell,2020-08-07,  7,inferred
Cherwell,2020-08-08, 10,inferred
Cherwell,2020-08-09, 10,inferred
Cherwell,2020-08-10, 10,inferred
Cherwell,2020-08-11, 10,inferred
Cherwell,2020-08-12, 10,inferred
Cherwell,2020-08-13, 10,inferred
Cherwell,2020-08-14, 10,inferred
Cherwell,2020-08-15, 14,inferred
Cherwell,2020-08-16, 14,inferred
Cherwell,2020-08-17, 14,inferred
Cherwell,2020-08-18, 14,inferred
Cherwell,2020-08-19, 14,inferred
Cherwell,2020-08-20, 14,inferred
Cherwell,2020-08-21, 14,inferred
Cherwell,2020-08-22,  7,inferred
Cherwell,2020-08-23,  7,inferred
Cherwell,2020-08-24,  7,inferred
Cherwell,2020-08-25,  7,inferred
Cherwell,2020-08-26,  7,inferred
Cherwell,2020-08-27,  7,inferred
Cherwell,2020-08-28,  7,inferred
Cherwell,2020-08-29, 11,inferred
Cherwell,2020-08-30, 11,inferred
Cherwell,2020-08-31, 11,inferred
Cherwell,2020-09-01, 11,inferred
Cherwell,2020-09-02, 11,inferred
Cherwell,2020-09-03, 11,inferred
Cherwell,2020-09-04, 11,inferred
Cherwell,2020-09-05, 24,inferred
Cherwell,2020-09-06, 24,inferred
Cherwell,2020-09-07, 24,inferred
Cherwell,2020-09-08, 24,inferred
Cherwell,2020-09-09, 24,inferred
Cherwell,2020-09-10, 24,inferred
Cherwell,2020-09-11, 24,inferred
Cherwell,2020-09-12, 27,inferred
Cherwell,2020-09-13, 27,inferred
Cherwell,2020-09-14, 27,inferred
Cherwell,2020-09-15, 27,inferred
Cherwell,2020-09-16, 27,inferred
Cherwell,2020-09-17, 27,inferred
Cherwell,2020-09-18, 27,inferred
Cherwell,2020-09-19, 21,inferred
Cherwell,2020-09-20, 21,inferred
Cherwell,2020-09-21, 21,inferred
Cherwell,2020-09-22, 21,inferred
Cherwell,2020-09-23, 21,inferred
Cherwell,2020-09-24, 21,inferred
Cherwell,2020-09-25, 21,inferred
Cherwell,2020-09-26, 46,inferred
Cherwell,2020-09-27, 46,inferred
Cherwell,2020-09-28, 46,inferred
Cherwell,2020-09-29, 46,inferred
Cherwell,2020-09-30, 46,inferred
Cherwell,2020-10-01, 46,inferred
Cherwell,2020-10-02, 46,inferred
Cherwell,2020-10-03,102,inferred
Cherwell,2020-10-04,102,inferred
Cherwell,2020-10-05,102,inferred
Cherwell,2020-10-06,102,inferred
Cherwell,2020-10-07,102,inferred
Cherwell,2020-10-08,102,inferred
Cherwell,2020-10-09,102,inferred
Cherwell,2020-10-10,101,inferred
Cherwell,2020-10-11,101,inferred
Cherwell,2020-10-12,101,inferred
Cherwell,2020-10-13,101,inferred
Cherwell,2020-10-14,101,inferred
Cherwell,2020-10-15,101,inferred
Cherwell,2020-10-16,101,inferred
Cherwell,2020-10-17,210,inferred
Cherwell,2020-10-18,210,inferred
Cherwell,2020-10-19,210,inferred
Cherwell,2020-10-20,210,inferred
Cherwell,2020-10-21,210,inferred
Cherwell,2020-10-22,210,inferred
Cherwell,2020-10-23,210,inferred
Cherwell,2020-10-24,217,inferred
Cherwell,2020-10-25,217,inferred
Cherwell,2020-10-26,217,inferred
Cherwell,2020-10-27,217,inferred
Cherwell,2020-10-28,217,inferred
Cherwell,2020-10-29,217,inferred
Cherwell,2020-10-30,217,inferred
Cherwell,2020-10-31,227,inferred
Cherwell,2020-11-01,227,inferred
Cherwell,2020-11-02,227,inferred
Cherwell,2020-11-03,227,inferred
Cherwell,2020-11-04,227,inferred
Cherwell,2020-11-05,227,inferred
Cherwell,2020-11-06,227,inferred
Cherwell,2020-11-07,243,inferred
Cherwell,2020-11-08,243,inferred
Cherwell,2020-11-09,243,inferred
Cherwell,2020-11-10,243,inferred
Cherwell,2020-11-11,243,inferred
Cherwell,2020-11-12,243,inferred
Cherwell,2020-11-13,243,inferred
Cherwell,2020-11-14,148,inferred
Cherwell,2020-11-15,148,inferred
Cherwell,2020-11-16,148,inferred
Cherwell,2020-11-17,148,inferred
Cherwell,2020-11-18,148,inferred
Cherwell,2020-11-19,148,inferred
Cherwell,2020-11-20,148,inferred
Cherwell,2020-11-21,123,projected
Cherwell,2020-11-22,123,projected
Cherwell,2020-11-23,123,projected
Cherwell,2020-11-24,123,projected
Cherwell,2020-11-25,123,projected
Cherwell,2020-11-26,123,projected
Cherwell,2020-11-27,123,projected
Cherwell,2020-11-28,117,projected
Cherwell,2020-11-29,117,projected
Cherwell,2020-11-30,117,projected
Cherwell,2020-12-01,117,projected
Cherwell,2020-12-02,117,projected
Cherwell,2020-12-03,117,projected
Cherwell,2020-12-04,117,projected
Cherwell,2020-12-05,111,projected
Cherwell,2020-12-06,111,projected
Cherwell,2020-12-07,111,projected
Cherwell,2020-12-08,111,projected
Cherwell,2020-12-09,111,projected
Cherwell,2020-12-10,111,projected
Cherwell,2020-12-11,111,projected
Dacorum,2020-08-01, 10,inferred
Dacorum,2020-08-02, 10,inferred
Dacorum,2020-08-03, 10,inferred
Dacorum,2020-08-04, 10,inferred
Dacorum,2020-08-05, 10,inferred
Dacorum,2020-08-06, 10,inferred
Dacorum,2020-08-07, 10,inferred
Dacorum,2020-08-08,  8,inferred
Dacorum,2020-08-09,  8,inferred
Dacorum,2020-08-10,  8,inferred
Dacorum,2020-08-11,  8,inferred
Dacorum,2020-08-12,  8,inferred
Dacorum,2020-08-13,  8,inferred
Dacorum,2020-08-14,  8,inferred
Dacorum,2020-08-15, 28,inferred
Dacorum,2020-08-16, 28,inferred
Dacorum,2020-08-17, 28,inferred
Dacorum,2020-08-18, 28,inferred
Dacorum,2020-08-19, 28,inferred
Dacorum,2020-08-20, 28,inferred
Dacorum,2020-08-21, 28,inferred
Dacorum,2020-08-22, 35,inferred
Dacorum,2020-08-23, 35,inferred
Dacorum,2020-08-24, 35,inferred
Dacorum,2020-08-25, 35,inferred
Dacorum,2020-08-26, 35,inferred
Dacorum,2020-08-27, 35,inferred
Dacorum,2020-08-28, 35,inferred
Dacorum,2020-08-29, 29,inferred
Dacorum,2020-08-30, 29,inferred
Dacorum,2020-08-31, 29,inferred
Dacorum,2020-09-01, 29,inferred
Dacorum,2020-09-02, 29,inferred
Dacorum,2020-09-03, 29,inferred
Dacorum,2020-09-04, 29,inferred
Dacorum,2020-09-05, 16,inferred
Dacorum,2020-09-06, 16,inferred
Dacorum,2020-09-07, 16,inferred
Dacorum,2020-09-08, 16,inferred
Dacorum,2020-09-09, 16,inferred
Dacorum,2020-09-10, 16,inferred
Dacorum,2020-09-11, 16,inferred
Dacorum,2020-09-12, 20,inferred
Dacorum,2020-09-13, 20,inferred
Dacorum,2020-09-14, 20,inferred
Dacorum,2020-09-15, 20,inferred
Dacorum,2020-09-16, 20,inferred
Dacorum,2020-09-17, 20,inferred
Dacorum,2020-09-18, 20,inferred
Dacorum,2020-09-19, 29,inferred
Dacorum,2020-09-20, 29,inferred
Dacorum,2020-09-21, 29,inferred
Dacorum,2020-09-22, 29,inferred
Dacorum,2020-09-23, 29,inferred
Dacorum,2020-09-24, 29,inferred
Dacorum,2020-09-25, 29,inferred
Dacorum,2020-09-26, 66,inferred
Dacorum,2020-09-27, 66,inferred
Dacorum,2020-09-28, 66,inferred
Dacorum,2020-09-29, 66,inferred
Dacorum,2020-09-30, 66,inferred
Dacorum,2020-10-01, 66,inferred
Dacorum,2020-10-02, 66,inferred
Dacorum,2020-10-03,101,inferred
Dacorum,2020-10-04,101,inferred
Dacorum,2020-10-05,101,inferred
Dacorum,2020-10-06,101,inferred
Dacorum,2020-10-07,101,inferred
Dacorum,2020-10-08,101,inferred
Dacorum,2020-10-09,101,inferred
Dacorum,2020-10-10,109,inferred
Dacorum,2020-10-11,109,inferred
Dacorum,2020-10-12,109,inferred
Dacorum,2020-10-13,109,inferred
Dacorum,2020-10-14,109,inferred
Dacorum,2020-10-15,109,inferred
Dacorum,2020-10-16,109,inferred
Dacorum,2020-10-17,157,inferred
Dacorum,2020-10-18,157,inferred
Dacorum,2020-10-19,157,inferred
Dacorum,2020-10-20,157,inferred
Dacorum,2020-10-21,157,inferred
Dacorum,2020-10-22,157,inferred
Dacorum,2020-10-23,157,inferred
Dacorum,2020-10-24,122,inferred
Dacorum,2020-10-25,122,inferred
Dacorum,2020-10-26,122,inferred
Dacorum,2020-10-27,122,inferred
Dacorum,2020-10-28,122,inferred
Dacorum,2020-10-29,122,inferred
Dacorum,2020-10-30,122,inferred
Dacorum,2020-10-31,175,inferred
Dacorum,2020-11-01,175,inferred
Dacorum,2020-11-02,175,inferred
Dacorum,2020-11-03,175,inferred
Dacorum,2020-11-04,175,inferred
Dacorum,2020-11-05,175,inferred
Dacorum,2020-11-06,175,inferred
Dacorum,2020-11-07,195,inferred
Dacorum,2020-11-08,195,inferred
Dacorum,2020-11-09,195,inferred
Dacorum,2020-11-10,195,inferred
Dacorum,2020-11-11,195,inferred
Dacorum,2020-11-12,195,inferred
Dacorum,2020-11-13,195,inferred
Dacorum,2020-11-14,196,inferred
Dacorum,2020-11-15,196,inferred
Dacorum,2020-11-16,196,inferred
Dacorum,2020-11-17,196,inferred
Dacorum,2020-11-18,196,inferred
Dacorum,2020-11-19,196,inferred
Dacorum,2020-11-20,196,inferred
Dacorum,2020-11-21,134,projected
Dacorum,2020-11-22,134,projected
Dacorum,2020-11-23,134,projected
Dacorum,2020-11-24,134,projected
Dacorum,2020-11-25,134,projected
Dacorum,2020-11-26,134,projected
Dacorum,2020-11-27,134,projected
Dacorum,2020-11-28,208,projected
Dacorum,2020-11-29,208,projected
Dacorum,2020-11-30,208,projected
Dacorum,2020-12-01,208,projected
Dacorum,2020-12-02,208,projected
Dacorum,2020-12-03,208,projected
Dacorum,2020-12-04,208,projected
Dacorum,2020-12-05,206,projected
Dacorum,2020-12-06,206,projected
Dacorum,2020-12-07,206,projected
Dacorum,2020-12-08,206,projected
Dacorum,2020-12-09,206,projected
Dacorum,2020-12-10,206,projected
Dacorum,2020-12-11,206,projected
Milton Keynes,2020-08-01, 22,inferred
Milton Keynes,2020-08-02, 22,inferred
Milton Keynes,2020-08-03, 22,inferred
Milton Keynes,2020-08-04, 22,inferred
Milton Keynes,2020-08-05, 22,inferred
Milton Keynes,2020-08-06, 22,inferred
Milton Keynes,2020-08-07, 22,inferred
Milton Keynes,2020-08-08, 22,inferred
Milton Keynes,2020-08-09, 22,inferred
Milton Keynes,2020-08-10, 22,inferred
Milton Keynes,2020-08-11, 22,inferred
Milton Keynes,2020-08-12, 22,inferred
Milton Keynes,2020-08-13, 22,inferred
Milton Keynes,2020-08-14, 22,inferred
Milton Keynes,2020-08-15, 23,inferred
Milton Keynes,2020-08-16, 23,inferred
Milton Keynes,2020-08-17, 23,inferred
Milton Keynes,2020-08-18, 23,inferred
Milton Keynes,2020-08-19, 23,inferred
Milton Keynes,2020-08-20, 23,inferred
Milton Keynes,2020-08-21, 23,inferred
Milton Keynes,2020-08-22, 22,inferred
Milton Keynes,2020-08-23, 22,inferred
Milton Keynes,2020-08-24, 22,inferred
Milton Keynes,2020-08-25, 22,inferred
Milton Keynes,2020-08-26, 22,inferred
Milton Keynes,2020-08-27, 22,inferred
Milton Keynes,2020-08-28, 22,inferred
Milton Keynes,2020-08-29, 39,inferred
Milton Keynes,2020-08-30, 39,inferred
Milton Keynes,2020-08-31, 39,inferred
Milton Keynes,2020-09-01, 39,inferred
Milton Keynes,2020-09-02, 39,inferred
Milton Keynes,2020-09-03, 39,inferred
Milton Keynes,2020-09-04, 39,inferred
Milton Keynes,2020-09-05, 38,inferred
Milton Keynes,2020-09-06, 38,inferred
Milton Keynes,2020-09-07, 38,inferred
Milton Keynes,2020-09-08, 38,inferred
Milton Keynes,2020-09-09, 38,inferred
Milton Keynes,2020-09-10, 38,inferred
Milton Keynes,2020-09-11, 38,inferred
Milton Keynes,2020-09-12, 42,inferred
Milton Keynes,2020-09-13, 42,inferred
Milton Keynes,2020-09-14, 42,inferred
Milton Keynes,2020-09-15, 42,inferred
Milton Keynes,2020-09-16, 42,inferred
Milton Keynes,2020-09-17, 42,inferred
Milton Keynes,2020-09-18, 42,inferred
Milton Keynes,2020-09-19, 61,inferred
Milton Keynes,2020-09-20, 61,inferred
Milton Keynes,2020-09-21, 61,inferred
Milton Keynes,2020-09-22, 61,inferred
Milton Keynes,2020-09-23, 61,inferred
Milton Keynes,2020-09-24, 61,inferred
Milton Keynes,2020-09-25, 61,inferred
Milton Keynes,2020-09-26, 90,inferred
Milton Keynes,2020-09-27, 90,inferred
Milton Keynes,2020-09-28, 90,inferred
Milton Keynes,2020-09-29, 90,inferred
Milton Keynes,2020-09-30, 90,inferred
Milton Keynes,2020-10-01, 90,inferred
Milton Keynes,2020-10-02, 90,inferred
Milton Keynes,2020-10-03,147,inferred
Milton Keynes,2020-10-04,147,inferred
Milton Keynes,2020-10-05,147,inferred
Milton Keynes,2020-10-06,147,inferred
Milton Keynes,2020-10-07,147,inferred
Milton Keynes,2020-10-08,147,inferred
Milton Keynes,2020-10-09,147,inferred
Milton Keynes,2020-10-10,146,inferred
Milton Keynes,2020-10-11,146,inferred
Milton Keynes,2020-10-12,146,inferred
Milton Keynes,2020-10-13,146,inferred
Milton Keynes,2020-10-14,146,inferred
Milton Keynes,2020-10-15,146,inferred
Milton Keynes,2020-10-16,146,inferred
Milton Keynes,2020-10-17,240,inferred
Milton Keynes,2020-10-18,240,inferred
Milton Keynes,2020-10-19,240,inferred
Milton Keynes,2020-10-20,240,inferred
Milton Keynes,2020-10-21,240,inferred
Milton Keynes,2020-10-22,240,inferred
Milton Keynes,2020-10-23,240,inferred
Milton Keynes,2020-10-24,305,inferred
Milton Keynes,2020-10-25,305,inferred
Milton Keynes,2020-10-26,305,inferred
Milton Keynes,2020-10-27,305,inferred
Milton Keynes,2020-10-28,305,inferred
Milton Keynes,2020-10-29,305,inferred
Milton Keynes,2020-10-30,305,inferred
Milton Keynes,2020-10-31,342,inferred
Milton Keynes,2020-11-01,342,inferred
Milton Keynes,2020-11-02,342,inferred
Milton Keynes,2020-11-03,342,inferred
Milton Keynes,2020-11-04,342,inferred
Milton Keynes,2020-11-05,342,inferred
Milton Keynes,2020-11-06,342,inferred
Milton Keynes,2020-11-07,472,inferred
Milton Keynes,2020-11-08,472,inferred
Milton Keynes,2020-11-09,472,inferred
Milton Keynes,2020-11-10,472,inferred
Milton Keynes,2020-11-11,472,inferred
Milton Keynes,2020-11-12,472,inferred
Milton Keynes,2020-11-13,472,inferred
Milton Keynes,2020-11-14,483,inferred
Milton Keynes,2020-11-15,483,inferred
Milton Keynes,2020-11-16,483,inferred
Milton Keynes,2020-11-17,483,inferred
Milton Keynes,2020-11-18,483,inferred
Milton Keynes,2020-11-19,483,inferred
Milton Keynes,2020-11-20,483,inferred
Milton Keynes,2020-11-21,349,projected
Milton Keynes,2020-11-22,349,projected
Milton Keynes,2020-11-23,349,projected
Milton Keynes,2020-11-24,349,projected
Milton Keynes,2020-11-25,349,projected
Milton Keynes,2020-11-26,349,projected
Milton Keynes,2020-11-27,349,projected
Milton Keynes,2020-11-28,613,projected
Milton Keynes,2020-11-29,613,projected
Milton Keynes,2020-11-30,613,projected
Milton Keynes,2020-12-01,613,projected
Milton Keynes,2020-12-02,613,projected
Milton Keynes,2020-12-03,613,projected
Milton Keynes,2020-12-04,613,projected
Milton Keynes,2020-12-05,605,projected
Milton Keynes,2020-12-06,605,projected
Milton Keynes,2020-12-07,605,projected
Milton Keynes,2020-12-08,605,projected
Milton Keynes,2020-12-09,605,projected
Milton Keynes,2020-12-10,605,projected
Milton Keynes,2020-12-11,605,projected
Oxford,2020-08-01, 16,inferred
Oxford,2020-08-02, 16,inferred
Oxford,2020-08-03, 16,inferred
Oxford,2020-08-04, 16,inferred
Oxford,2020-08-05, 16,inferred
Oxford,2020-08-06, 16,inferred
Oxford,2020-08-07, 16,inferred
Oxford,2020-08-08, 28,inferred
Oxford,2020-08-09, 28,inferred
Oxford,2020-08-10, 28,inferred
Oxford,2020-08-11, 28,inferred
Oxford,2020-08-12, 28,inferred
Oxford,2020-08-13, 28,inferred
Oxford,2020-08-14, 28,inferred
Oxford,2020-08-15, 42,inferred
Oxford,2020-08-16, 42,inferred
Oxford,2020-08-17, 42,inferred
Oxford,2020-08-18, 42,inferred
Oxford,2020-08-19, 42,inferred
Oxford,2020-08-20, 42,inferred
Oxford,2020-08-21, 42,inferred
Oxford,2020-08-22, 23,inferred
Oxford,2020-08-23, 23,inferred
Oxford,2020-08-24, 23,inferred
Oxford,2020-08-25, 23,inferred
Oxford,2020-08-26, 23,inferred
Oxford,2020-08-27, 23,inferred
Oxford,2020-08-28, 23,inferred
Oxford,2020-08-29, 16,inferred
Oxford,2020-08-30, 16,inferred
Oxford,2020-08-31, 16,inferred
Oxford,2020-09-01, 16,inferred
Oxford,2020-09-02, 16,inferred
Oxford,2020-09-03, 16,inferred
Oxford,2020-09-04, 16,inferred
Oxford,2020-09-05, 39,inferred
Oxford,2020-09-06, 39,inferred
Oxford,2020-09-07, 39,inferred
Oxford,2020-09-08, 39,inferred
Oxford,2020-09-09, 39,inferred
Oxford,2020-09-10, 39,inferred
Oxford,2020-09-11, 39,inferred
Oxford,2020-09-12, 32,inferred
Oxford,2020-09-13, 32,inferred
Oxford,2020-09-14, 32,inferred
Oxford,2020-09-15, 32,inferred
Oxford,2020-09-16, 32,inferred
Oxford,2020-09-17, 32,inferred
Oxford,2020-09-18, 32,inferred
Oxford,2020-09-19,101,inferred
Oxford,2020-09-20,101,inferred
Oxford,2020-09-21,101,inferred
Oxford,2020-09-22,101,inferred
Oxford,2020-09-23,101,inferred
Oxford,2020-09-24,101,inferred
Oxford,2020-09-25,101,inferred
Oxford,2020-09-26,188,inferred
Oxford,2020-09-27,188,inferred
Oxford,2020-09-28,188,inferred
Oxford,2020-09-29,188,inferred
Oxford,2020-09-30,188,inferred
Oxford,2020-10-01,188,inferred
Oxford,2020-10-02,188,inferred
Oxford,2020-10-03,271,inferred
Oxford,2020-10-04,271,inferred
Oxford,2020-10-05,271,inferred
Oxford,2020-10-06,271,inferred
Oxford,2020-10-07,271,inferred
Oxford,2020-10-08,271,inferred
Oxford,2020-10-09,271,inferred
Oxford,2020-10-10,202,inferred
Oxford,2020-10-11,202,inferred
Oxford,2020-10-12,202,inferred
Oxford,2020-10-13,202,inferred
Oxford,2020-10-14,202,inferred
Oxford,2020-10-15,202,inferred
Oxford,2020-10-16,202,inferred
Oxford,2020-10-17,213,inferred
Oxford,2020-10-18,213,inferred
Oxford,2020-10-19,213,inferred
Oxford,2020-10-20,213,inferred
Oxford,2020-10-21,213,inferred
Oxford,2020-10-22,213,inferred
Oxford,2020-10-23,213,inferred
Oxford,2020-10-24,197,inferred
Oxford,2020-10-25,197,inferred
Oxford,2020-10-26,197,inferred
Oxford,2020-10-27,197,inferred
Oxford,2020-10-28,197,inferred
Oxford,2020-10-29,197,inferred
Oxford,2020-10-30,197,inferred
Oxford,2020-10-31,252,inferred
Oxford,2020-11-01,252,inferred
Oxford,2020-11-02,252,inferred
Oxford,2020-11-03,252,inferred
Oxford,2020-11-04,252,inferred
Oxford,2020-11-05,252,inferred
Oxford,2020-11-06,252,inferred
Oxford,2020-11-07,409,inferred
Oxford,2020-11-08,409,inferred
Oxford,2020-11-09,409,inferred
Oxford,2020-11-10,409,inferred
Oxford,2020-11-11,409,inferred
Oxford,2020-11-12,409,inferred
Oxford,2020-11-13,409,inferred
Oxford,2020-11-14,186,inferred
Oxford,2020-11-15,186,inferred
Oxford,2020-11-16,186,inferred
Oxford,2020-11-17,186,inferred
Oxford,2020-11-18,186,inferred
Oxford,2020-11-19,186,inferred
Oxford,2020-11-20,186,inferred
Oxford,2020-11-21,191,projected
Oxford,2020-11-22,191,projected
Oxford,2020-11-23,191,projected
Oxford,2020-11-24,191,projected
Oxford,2020-11-25,191,projected
Oxford,2020-11-26,191,projected
Oxford,2020-11-27,191,projected
Oxford,2020-11-28,217,projected
Oxford,2020-11-29,217,projected
Oxford,2020-11-30,217,projected
Oxford,2020-12-01,217,projected
Oxford,2020-12-02,217,projected
Oxford,2020-12-03,217,projected
Oxford,2020-12-04,217,projected
Oxford,2020-12-05,194,projected
Oxford,2020-12-06,194,projected
Oxford,2020-12-07,194,projected
Oxford,2020-12-08,194,projected
Oxford,2020-12-09,194,projected
Oxford,2020-12-10,194,projected
Oxford,2020-12-11,194,projected
Reading,2020-08-01,  7,inferred
Reading,2020-08-02,  7,inferred
Reading,2020-08-03,  7,inferred
Reading,2020-08-04,  7,inferred
Reading,2020-08-05,  7,inferred
Reading,2020-08-06,  7,inferred
Reading,2020-08-07,  7,inferred
Reading,2020-08-08, 12,inferred
Reading,2020-08-09, 12,inferred
Reading,2020-08-10, 12,inferred
Reading,2020-08-11, 12,inferred
Reading,2020-08-12, 12,inferred
Reading,2020-08-13, 12,inferred
Reading,2020-08-14, 12,inferred
Reading,2020-08-15, 17,inferred
Reading,2020-08-16, 17,inferred
Reading,2020-08-17, 17,inferred
Reading,2020-08-18, 17,inferred
Reading,2020-08-19, 17,inferred
Reading,2020-08-20, 17,inferred
Reading,2020-08-21, 17,inferred
Reading,2020-08-22, 20,inferred
Reading,2020-08-23, 20,inferred
Reading,2020-08-24, 20,inferred
Reading,2020-08-25, 20,inferred
Reading,2020-08-26, 20,inferred
Reading,2020-08-27, 20,inferred
Reading,2020-08-28, 20,inferred
Reading,2020-08-29, 20,inferred
Reading,2020-08-30, 20,inferred
Reading,2020-08-31, 20,inferred
Reading,2020-09-01, 20,inferred
Reading,2020-09-02, 20,inferred
Reading,2020-09-03, 20,inferred
Reading,2020-09-04, 20,inferred
Reading,2020-09-05, 30,inferred
Reading,2020-09-06, 30,inferred
Reading,2020-09-07, 30,inferred
Reading,2020-09-08, 30,inferred
Reading,2020-09-09, 30,inferred
Reading,2020-09-10, 30,inferred
Reading,2020-09-11, 30,inferred
Reading,2020-09-12, 11,inferred
Reading,2020-09-13, 11,inferred
Reading,2020-09-14, 11,inferred
Reading,2020-09-15, 11,inferred
Reading,2020-09-16, 11,inferred
Reading,2020-09-17, 11,inferred
Reading,2020-09-18, 11,inferred
Reading,2020-09-19, 46,inferred
Reading,2020-09-20, 46,inferred
Reading,2020-09-21, 46,inferred
Reading,2020-09-22, 46,inferred
Reading,2020-09-23, 46,inferred
Reading,2020-09-24, 46,inferred
Reading,2020-09-25, 46,inferred
Reading,2020-09-26, 49,inferred
Reading,2020-09-27, 49,inferred
Reading,2020-09-28, 49,inferred
Reading,2020-09-29, 49,inferred
Reading,2020-09-30, 49,inferred
Reading,2020-10-01, 49,inferred
Reading,2020-10-02, 49,inferred
Reading,2020-10-03,116,inferred
Reading,2020-10-04,116,inferred
Reading,2020-10-05,116,inferred
Reading,2020-10-06,116,inferred
Reading,2020-10-07,116,inferred
Reading,2020-10-08,116,inferred
Reading,2020-10-09,116,inferred
Reading,2020-10-10,148,inferred
Reading,2020-10-11,148,inferred
Reading,2020-10-12,148,inferred
Reading,2020-10-13,148,inferred
Reading,2020-10-14,148,inferred
Reading,2020-10-15,148,inferred
Reading,2020-10-16,148,inferred
Reading,2020-10-17,195,inferred
Reading,2020-10-18,195,inferred
Reading,2020-10-19,195,inferred
Reading,2020-10-20,195,inferred
Reading,2020-10-21,195,inferred
Reading,2020-10-22,195,inferred
Reading,2020-10-23,195,inferred
Reading,2020-10-24,255,inferred
Reading,2020-10-25,255,inferred
Reading,2020-10-26,255,inferred
Reading,2020-10-27,255,inferred
Reading,2020-10-28,255,inferred
Reading,2020-10-29,255,inferred
Reading,2020-10-30,255,inferred
Reading,2020-10-31,241,inferred
Reading,2020-11-01,241,inferred
Reading,2020-11-02,241,inferred
Reading,2020-11-03,241,inferred
Reading,2020-11-04,241,inferred
Reading,2020-11-05,241,inferred
Reading,2020-11-06,241,inferred
Reading,2020-11-07,251,inferred
Reading,2020-11-08,251,inferred
Reading,2020-11-09,251,inferred
Reading,2020-11-10,251,inferred
Reading,2020-11-11,251,inferred
Reading,2020-11-12,251,inferred
Reading,2020-11-13,251,inferred
Reading,2020-11-14,248,inferred
Reading,2020-11-15,248,inferred
Reading,2020-11-16,248,inferred
Reading,2020-11-17,248,inferred
Reading,2020-11-18,248,inferred
Reading,2020-11-19,248,inferred
Reading,2020-11-20,248,inferred
Reading,2020-11-21,189,projected
Reading,2020-11-22,189,projected
Reading,2020-11-23,189,projected
Reading,2020-11-24,189,projected
Reading,2020-11-25,189,projected
Reading,2020-11-26,189,projected
Reading,2020-11-27,189,projected
Reading,2020-11-28,254,projected
Reading,2020-11-29,254,projected
Reading,2020-11-30,254,projected
Reading,2020-12-01,254,projected
Reading,2020-12-02,254,projected
Reading,2020-12-03,254,projected
Reading,2020-12-04,254,projected
Reading,2020-12-05,245,projected
Reading,2020-12-06,245,projected
Reading,2020-12-07,245,projected
Reading,2020-12-08,245,projected
Reading,2020-12-09,245,projected
Reading,2020-12-10,245,projected
Reading,2020-12-11,245,projected
South Northamptonshire,2020-08-01,  2,inferred
South Northamptonshire,2020-08-02,  2,inferred
South Northamptonshire,2020-08-03,  2,inferred
South Northamptonshire,2020-08-04,  2,inferred
South Northamptonshire,2020-08-05,  2,inferred
South Northamptonshire,2020-08-06,  2,inferred
South Northamptonshire,2020-08-07,  2,inferred
South Northamptonshire,2020-08-08,  3,inferred
South Northamptonshire,2020-08-09,  3,inferred
South Northamptonshire,2020-08-10,  3,inferred
South Northamptonshire,2020-08-11,  3,inferred
South Northamptonshire,2020-08-12,  3,inferred
South Northamptonshire,2020-08-13,  3,inferred
South Northamptonshire,2020-08-14,  3,inferred
South Northamptonshire,2020-08-15,  3,inferred
South Northamptonshire,2020-08-16,  3,inferred
South Northamptonshire,2020-08-17,  3,inferred
South Northamptonshire,2020-08-18,  3,inferred
South Northamptonshire,2020-08-19,  3,inferred
South Northamptonshire,2020-08-20,  3,inferred
South Northamptonshire,2020-08-21,  3,inferred
South Northamptonshire,2020-08-22, 10,inferred
South Northamptonshire,2020-08-23, 10,inferred
South Northamptonshire,2020-08-24, 10,inferred
South Northamptonshire,2020-08-25, 10,inferred
South Northamptonshire,2020-08-26, 10,inferred
South Northamptonshire,2020-08-27, 10,inferred
South Northamptonshire,2020-08-28, 10,inferred
South Northamptonshire,2020-08-29,  7,inferred
South Northamptonshire,2020-08-30,  7,inferred
South Northamptonshire,2020-08-31,  7,inferred
South Northamptonshire,2020-09-01,  7,inferred
South Northamptonshire,2020-09-02,  7,inferred
South Northamptonshire,2020-09-03,  7,inferred
South Northamptonshire,2020-09-04,  7,inferred
South Northamptonshire,2020-09-05, 15,inferred
South Northamptonshire,2020-09-06, 15,inferred
South Northamptonshire,2020-09-07, 15,inferred
South Northamptonshire,2020-09-08, 15,inferred
South Northamptonshire,2020-09-09, 15,inferred
South Northamptonshire,2020-09-10, 15,inferred
South Northamptonshire,2020-09-11, 15,inferred
South Northamptonshire,2020-09-12, 14,inferred
South Northamptonshire,2020-09-13, 14,inferred
South Northamptonshire,2020-09-14, 14,inferred
South Northamptonshire,2020-09-15, 14,inferred
South Northamptonshire,2020-09-16, 14,inferred
South Northamptonshire,2020-09-17, 14,inferred
South Northamptonshire,2020-09-18, 14,inferred
South Northamptonshire,2020-09-19,  9,inferred
South Northamptonshire,2020-09-20,  9,inferred
South Northamptonshire,2020-09-21,  9,inferred
South Northamptonshire,2020-09-22,  9,inferred
South Northamptonshire,2020-09-23,  9,inferred
South Northamptonshire,2020-09-24,  9,inferred
South Northamptonshire,2020-09-25,  9,inferred
South Northamptonshire,2020-09-26, 21,inferred
South Northamptonshire,2020-09-27, 21,inferred
South Northamptonshire,2020-09-28, 21,inferred
South Northamptonshire,2020-09-29, 21,inferred
South Northamptonshire,2020-09-30, 21,inferred
South Northamptonshire,2020-10-01, 21,inferred
South Northamptonshire,2020-10-02, 21,inferred
South Northamptonshire,2020-10-03, 60,inferred
South Northamptonshire,2020-10-04, 60,inferred
South Northamptonshire,2020-10-05, 60,inferred
South Northamptonshire,2020-10-06, 60,inferred
South Northamptonshire,2020-10-07, 60,inferred
South Northamptonshire,2020-10-08, 60,inferred
South Northamptonshire,2020-10-09, 60,inferred
South Northamptonshire,2020-10-10, 86,inferred
South Northamptonshire,2020-10-11, 86,inferred
South Northamptonshire,2020-10-12, 86,inferred
South Northamptonshire,2020-10-13, 86,inferred
South Northamptonshire,2020-10-14, 86,inferred
South Northamptonshire,2020-10-15, 86,inferred
South Northamptonshire,2020-10-16, 86,inferred
South Northamptonshire,2020-10-17,108,inferred
South Northamptonshire,2020-10-18,108,inferred
South Northamptonshire,2020-10-19,108,inferred
South Northamptonshire,2020-10-20,108,inferred
South Northamptonshire,2020-10-21,108,inferred
South Northamptonshire,2020-10-22,108,inferred
South Northamptonshire,2020-10-23,108,inferred
South Northamptonshire,2020-10-24,105,inferred
South Northamptonshire,2020-10-25,105,inferred
South Northamptonshire,2020-10-26,105,inferred
South Northamptonshire,2020-10-27,105,inferred
South Northamptonshire,2020-10-28,105,inferred
South Northamptonshire,2020-10-29,105,inferred
South Northamptonshire,2020-10-30,105,inferred
South Northamptonshire,2020-10-31,189,inferred
South Northamptonshire,2020-11-01,189,inferred
South Northamptonshire,2020-11-02,189,inferred
South Northamptonshire,2020-11-03,189,inferred
South Northamptonshire,2020-11-04,189,inferred
South Northamptonshire,2020-11-05,189,inferred
South Northamptonshire,2020-11-06,189,inferred
South Northamptonshire,2020-11-07,217,inferred
South Northamptonshire,2020-11-08,217,inferred
South Northamptonshire,2020-11-09,217,inferred
South Northamptonshire,2020-11-10,217,inferred
South Northamptonshire,2020-11-11,217,inferred
South Northamptonshire,2020-11-12,217,inferred
South Northamptonshire,2020-11-13,217,inferred
South Northamptonshire,2020-11-14,211,inferred
South Northamptonshire,2020-11-15,211,inferred
South Northamptonshire,2020-11-16,211,inferred
South Northamptonshire,2020-11-17,211,inferred
South Northamptonshire,2020-11-18,211,inferred
South Northamptonshire,2020-11-19,211,inferred
South Northamptonshire,2020-11-20,211,inferred
South Northamptonshire,2020-11-21,115,projected
South Northamptonshire,2020-11-22,115,projected
South Northamptonshire,2020-11-23,115,projected
South Northamptonshire,2020-11-24,115,projected
South Northamptonshire,2020-11-25,115,projected
South Northamptonshire,2020-11-26,115,projected
South Northamptonshire,2020-11-27,115,projected
South Northamptonshire,2020-11-28,202,projected
South Northamptonshire,2020-11-29,202,projected
South Northamptonshire,2020-11-30,202,projected
South Northamptonshire,2020-12-01,202,projected
South Northamptonshire,2020-12-02,202,projected
South Northamptonshire,2020-12-03,202,projected
South Northamptonshire,2020-12-04,202,projected
South Northamptonshire,2020-12-05,198,projected
South Northamptonshire,2020-12-06,198,projected
South Northamptonshire,2020-12-07,198,projected
South Northamptonshire,2020-12-08,198,projected
South Northamptonshire,2020-12-09,198,projected
South Northamptonshire,2020-12-10,198,projected
South Northamptonshire,2020-12-11,198,projected
South Oxfordshire,2020-08-01,  5,inferred
South Oxfordshire,2020-08-02,  5,inferred
South Oxfordshire,2020-08-03,  5,inferred
South Oxfordshire,2020-08-04,  5,inferred
South Oxfordshire,2020-08-05,  5,inferred
South Oxfordshire,2020-08-06,  5,inferred
South Oxfordshire,2020-08-07,  5,inferred
South Oxfordshire,2020-08-08,  7,inferred
South Oxfordshire,2020-08-09,  7,inferred
South Oxfordshire,2020-08-10,  7,inferred
South Oxfordshire,2020-08-11,  7,inferred
South Oxfordshire,2020-08-12,  7,inferred
South Oxfordshire,2020-08-13,  7,inferred
South Oxfordshire,2020-08-14,  7,inferred
South Oxfordshire,2020-08-15, 14,inferred
South Oxfordshire,2020-08-16, 14,inferred
South Oxfordshire,2020-08-17, 14,inferred
South Oxfordshire,2020-08-18, 14,inferred
South Oxfordshire,2020-08-19, 14,inferred
South Oxfordshire,2020-08-20, 14,inferred
South Oxfordshire,2020-08-21, 14,inferred
South Oxfordshire,2020-08-22, 10,inferred
South Oxfordshire,2020-08-23, 10,inferred
South Oxfordshire,2020-08-24, 10,inferred
South Oxfordshire,2020-08-25, 10,inferred
South Oxfordshire,2020-08-26, 10,inferred
South Oxfordshire,2020-08-27, 10,inferred
South Oxfordshire,2020-08-28, 10,inferred
South Oxfordshire,2020-08-29, 11,inferred
South Oxfordshire,2020-08-30, 11,inferred
South Oxfordshire,2020-08-31, 11,inferred
South Oxfordshire,2020-09-01, 11,inferred
South Oxfordshire,2020-09-02, 11,inferred
South Oxfordshire,2020-09-03, 11,inferred
South Oxfordshire,2020-09-04, 11,inferred
South Oxfordshire,2020-09-05, 14,inferred
South Oxfordshire,2020-09-06, 14,inferred
South Oxfordshire,2020-09-07, 14,inferred
South Oxfordshire,2020-09-08, 14,inferred
South Oxfordshire,2020-09-09, 14,inferred
South Oxfordshire,2020-09-10, 14,inferred
South Oxfordshire,2020-09-11, 14,inferred
South Oxfordshire,2020-09-12, 10,inferred
South Oxfordshire,2020-09-13, 10,inferred
South Oxfordshire,2020-09-14, 10,inferred
South Oxfordshire,2020-09-15, 10,inferred
South Oxfordshire,2020-09-16, 10,inferred
South Oxfordshire,2020-09-17, 10,inferred
South Oxfordshire,2020-09-18, 10,inferred
South Oxfordshire,2020-09-19, 14,inferred
South Oxfordshire,2020-09-20, 14,inferred
South Oxfordshire,2020-09-21, 14,inferred
South Oxfordshire,2020-09-22, 14,inferred
South Oxfordshire,2020-09-23, 14,inferred
South Oxfordshire,2020-09-24, 14,inferred
South Oxfordshire,2020-09-25, 14,inferred
South Oxfordshire,2020-09-26, 28,inferred
South Oxfordshire,2020-09-27, 28,inferred
South Oxfordshire,2020-09-28, 28,inferred
South Oxfordshire,2020-09-29, 28,inferred
South Oxfordshire,2020-09-30, 28,inferred
South Oxfordshire,2020-10-01, 28,inferred
South Oxfordshire,2020-10-02, 28,inferred
South Oxfordshire,2020-10-03, 62,inferred
South Oxfordshire,2020-10-04, 62,inferred
South Oxfordshire,2020-10-05, 62,inferred
South Oxfordshire,2020-10-06, 62,inferred
South Oxfordshire,2020-10-07, 62,inferred
South Oxfordshire,2020-10-08, 62,inferred
South Oxfordshire,2020-10-09, 62,inferred
South Oxfordshire,2020-10-10, 92,inferred
South Oxfordshire,2020-10-11, 92,inferred
South Oxfordshire,2020-10-12, 92,inferred
South Oxfordshire,2020-10-13, 92,inferred
South Oxfordshire,2020-10-14, 92,inferred
South Oxfordshire,2020-10-15, 92,inferred
South Oxfordshire,2020-10-16, 92,inferred
South Oxfordshire,2020-10-17,129,inferred
South Oxfordshire,2020-10-18,129,inferred
South Oxfordshire,2020-10-19,129,inferred
South Oxfordshire,2020-10-20,129,inferred
South Oxfordshire,2020-10-21,129,inferred
South Oxfordshire,2020-10-22,129,inferred
South Oxfordshire,2020-10-23,129,inferred
South Oxfordshire,2020-10-24,154,inferred
South Oxfordshire,2020-10-25,154,inferred
South Oxfordshire,2020-10-26,154,inferred
South Oxfordshire,2020-10-27,154,inferred
South Oxfordshire,2020-10-28,154,inferred
South Oxfordshire,2020-10-29,154,inferred
South Oxfordshire,2020-10-30,154,inferred
South Oxfordshire,2020-10-31,174,inferred
South Oxfordshire,2020-11-01,174,inferred
South Oxfordshire,2020-11-02,174,inferred
South Oxfordshire,2020-11-03,174,inferred
South Oxfordshire,2020-11-04,174,inferred
South Oxfordshire,2020-11-05,174,inferred
South Oxfordshire,2020-11-06,174,inferred
South Oxfordshire,2020-11-07,186,inferred
South Oxfordshire,2020-11-08,186,inferred
South Oxfordshire,2020-11-09,186,inferred
South Oxfordshire,2020-11-10,186,inferred
South Oxfordshire,2020-11-11,186,inferred
South Oxfordshire,2020-11-12,186,inferred
South Oxfordshire,2020-11-13,186,inferred
South Oxfordshire,2020-11-14,141,inferred
South Oxfordshire,2020-11-15,141,inferred
South Oxfordshire,2020-11-16,141,inferred
South Oxfordshire,2020-11-17,141,inferred
South Oxfordshire,2020-11-18,141,inferred
South Oxfordshire,2020-11-19,141,inferred
South Oxfordshire,2020-11-20,141,inferred
South Oxfordshire,2020-11-21, 70,projected
South Oxfordshire,2020-11-22, 70,projected
South Oxfordshire,2020-11-23, 70,projected
South Oxfordshire,2020-11-24, 70,projected
South Oxfordshire,2020-11-25, 70,projected
South Oxfordshire,2020-11-26, 70,projected
South Oxfordshire,2020-11-27, 70,projected
South Oxfordshire,2020-11-28,114,projected
South Oxfordshire,2020-11-29,114,projected
South Oxfordshire,2020-11-30,114,projected
South Oxfordshire,2020-12-01,114,projected
South Oxfordshire,2020-12-02,114,projected
South Oxfordshire,2020-12-03,114,projected
South Oxfordshire,2020-12-04,114,projected
South Oxfordshire,2020-12-05,106,projected
South Oxfordshire,2020-12-06,106,projected
South Oxfordshire,2020-12-07,106,projected
South Oxfordshire,2020-12-08,106,projected
South Oxfordshire,2020-12-09,106,projected
South Oxfordshire,2020-12-10,106,projected
South Oxfordshire,2020-12-11,106,projected
Swindon,2020-08-01,105,inferred
Swindon,2020-08-02,105,inferred
Swindon,2020-08-03,105,inferred
Swindon,2020-08-04,105,inferred
Swindon,2020-08-05,105,inferred
Swindon,2020-08-06,105,inferred
Swindon,2020-08-07,105,inferred
Swindon,2020-08-08, 88,inferred
Swindon,2020-08-09, 88,inferred
Swindon,2020-08-10, 88,inferred
Swindon,2020-08-11, 88,inferred
Swindon,2020-08-12, 88,inferred
Swindon,2020-08-13, 88,inferred
Swindon,2020-08-14, 88,inferred
Swindon,2020-08-15, 98,inferred
Swindon,2020-08-16, 98,inferred
Swindon,2020-08-17, 98,inferred
Swindon,2020-08-18, 98,inferred
Swindon,2020-08-19, 98,inferred
Swindon,2020-08-20, 98,inferred
Swindon,2020-08-21, 98,inferred
Swindon,2020-08-22, 47,inferred
Swindon,2020-08-23, 47,inferred
Swindon,2020-08-24, 47,inferred
Swindon,2020-08-25, 47,inferred
Swindon,2020-08-26, 47,inferred
Swindon,2020-08-27, 47,inferred
Swindon,2020-08-28, 47,inferred
Swindon,2020-08-29, 43,inferred
Swindon,2020-08-30, 43,inferred
Swindon,2020-08-31, 43,inferred
Swindon,2020-09-01, 43,inferred
Swindon,2020-09-02, 43,inferred
Swindon,2020-09-03, 43,inferred
Swindon,2020-09-04, 43,inferred
Swindon,2020-09-05, 21,inferred
Swindon,2020-09-06, 21,inferred
Swindon,2020-09-07, 21,inferred
Swindon,2020-09-08, 21,inferred
Swindon,2020-09-09, 21,inferred
Swindon,2020-09-10, 21,inferred
Swindon,2020-09-11, 21,inferred
Swindon,2020-09-12, 18,inferred
Swindon,2020-09-13, 18,inferred
Swindon,2020-09-14, 18,inferred
Swindon,2020-09-15, 18,inferred
Swindon,2020-09-16, 18,inferred
Swindon,2020-09-17, 18,inferred
Swindon,2020-09-18, 18,inferred
Swindon,2020-09-19, 50,inferred
Swindon,2020-09-20, 50,inferred
Swindon,2020-09-21, 50,inferred
Swindon,2020-09-22, 50,inferred
Swindon,2020-09-23, 50,inferred
Swindon,2020-09-24, 50,inferred
Swindon,2020-09-25, 50,inferred
Swindon,2020-09-26, 43,inferred
Swindon,2020-09-27, 43,inferred
Swindon,2020-09-28, 43,inferred
Swindon,2020-09-29, 43,inferred
Swindon,2020-09-30, 43,inferred
Swindon,2020-10-01, 43,inferred
Swindon,2020-10-02, 43,inferred
Swindon,2020-10-03,107,inferred
Swindon,2020-10-04,107,inferred
Swindon,2020-10-05,107,inferred
Swindon,2020-10-06,107,inferred
Swindon,2020-10-07,107,inferred
Swindon,2020-10-08,107,inferred
Swindon,2020-10-09,107,inferred
Swindon,2020-10-10,175,inferred
Swindon,2020-10-11,175,inferred
Swindon,2020-10-12,175,inferred
Swindon,2020-10-13,175,inferred
Swindon,2020-10-14,175,inferred
Swindon,2020-10-15,175,inferred
Swindon,2020-10-16,175,inferred
Swindon,2020-10-17,236,inferred
Swindon,2020-10-18,236,inferred
Swindon,2020-10-19,236,inferred
Swindon,2020-10-20,236,inferred
Swindon,2020-10-21,236,inferred
Swindon,2020-10-22,236,inferred
Swindon,2020-10-23,236,inferred
Swindon,2020-10-24,390,inferred
Swindon,2020-10-25,390,inferred
Swindon,2020-10-26,390,inferred
Swindon,2020-10-27,390,inferred
Swindon,2020-10-28,390,inferred
Swindon,2020-10-29,390,inferred
Swindon,2020-10-30,390,inferred
Swindon,2020-10-31,425,inferred
Swindon,2020-11-01,425,inferred
Swindon,2020-11-02,425,inferred
Swindon,2020-11-03,425,inferred
Swindon,2020-11-04,425,inferred
Swindon,2020-11-05,425,inferred
Swindon,2020-11-06,425,inferred
Swindon,2020-11-07,472,inferred
Swindon,2020-11-08,472,inferred
Swindon,2020-11-09,472,inferred
Swindon,2020-11-10,472,inferred
Swindon,2020-11-11,472,inferred
Swindon,2020-11-12,472,inferred
Swindon,2020-11-13,472,inferred
Swindon,2020-11-14,342,inferred
Swindon,2020-11-15,342,inferred
Swindon,2020-11-16,342,inferred
Swindon,2020-11-17,342,inferred
Swindon,2020-11-18,342,inferred
Swindon,2020-11-19,342,inferred
Swindon,2020-11-20,342,inferred
Swindon,2020-11-21,303,projected
Swindon,2020-11-22,303,projected
Swindon,2020-11-23,303,projected
Swindon,2020-11-24,303,projected
Swindon,2020-11-25,303,projected
Swindon,2020-11-26,303,projected
Swindon,2020-11-27,303,projected
Swindon,2020-11-28,331,projected
Swindon,2020-11-29,331,projected
Swindon,2020-11-30,331,projected
Swindon,2020-12-01,331,projected
Swindon,2020-12-02,331,projected
Swindon,2020-12-03,331,projected
Swindon,2020-12-04,331,projected
Swindon,2020-12-05,319,projected
Swindon,2020-12-06,319,projected
Swindon,2020-12-07,319,projected
Swindon,2020-12-08,319,projected
Swindon,2020-12-09,319,projected
Swindon,2020-12-10,319,projected
Swindon,2020-12-11,319,projected
Vale of White Horse,2020-08-01, 10,inferred
Vale of White Horse,2020-08-02, 10,inferred
Vale of White Horse,2020-08-03, 10,inferred
Vale of White Horse,2020-08-04, 10,inferred
Vale of White Horse,2020-08-05, 10,inferred
Vale of White Horse,2020-08-06, 10,inferred
Vale of White Horse,2020-08-07, 10,inferred
Vale of White Horse,2020-08-08, 10,inferred
Vale of White Horse,2020-08-09, 10,inferred
Vale of White Horse,2020-08-10, 10,inferred
Vale of White Horse,2020-08-11, 10,inferred
Vale of White Horse,2020-08-12, 10,inferred
Vale of White Horse,2020-08-13, 10,inferred
Vale of White Horse,2020-08-14, 10,inferred
Vale of White Horse,2020-08-15, 14,inferred
Vale of White Horse,2020-08-16, 14,inferred
Vale of White Horse,2020-08-17, 14,inferred
Vale of White Horse,2020-08-18, 14,inferred
Vale of White Horse,2020-08-19, 14,inferred
Vale of White Horse,2020-08-20, 14,inferred
Vale of White Horse,2020-08-21, 14,inferred
Vale of White Horse,2020-08-22, 21,inferred
Vale of White Horse,2020-08-23, 21,inferred
Vale of White Horse,2020-08-24, 21,inferred
Vale of White Horse,2020-08-25, 21,inferred
Vale of White Horse,2020-08-26, 21,inferred
Vale of White Horse,2020-08-27, 21,inferred
Vale of White Horse,2020-08-28, 21,inferred
Vale of White Horse,2020-08-29, 17,inferred
Vale of White Horse,2020-08-30, 17,inferred
Vale of White Horse,2020-08-31, 17,inferred
Vale of White Horse,2020-09-01, 17,inferred
Vale of White Horse,2020-09-02, 17,inferred
Vale of White Horse,2020-09-03, 17,inferred
Vale of White Horse,2020-09-04, 17,inferred
Vale of White Horse,2020-09-05, 12,inferred
Vale of White Horse,2020-09-06, 12,inferred
Vale of White Horse,2020-09-07, 12,inferred
Vale of White Horse,2020-09-08, 12,inferred
Vale of White Horse,2020-09-09, 12,inferred
Vale of White Horse,2020-09-10, 12,inferred
Vale of White Horse,2020-09-11, 12,inferred
Vale of White Horse,2020-09-12, 16,inferred
Vale of White Horse,2020-09-13, 16,inferred
Vale of White Horse,2020-09-14, 16,inferred
Vale of White Horse,2020-09-15, 16,inferred
Vale of White Horse,2020-09-16, 16,inferred
Vale of White Horse,2020-09-17, 16,inferred
Vale of White Horse,2020-09-18, 16,inferred
Vale of White Horse,2020-09-19, 24,inferred
Vale of White Horse,2020-09-20, 24,inferred
Vale of White Horse,2020-09-21, 24,inferred
Vale of White Horse,2020-09-22, 24,inferred
Vale of White Horse,2020-09-23, 24,inferred
Vale of White Horse,2020-09-24, 24,inferred
Vale of White Horse,2020-09-25, 24,inferred
Vale of White Horse,2020-09-26, 39,inferred
Vale of White Horse,2020-09-27, 39,inferred
Vale of White Horse,2020-09-28, 39,inferred
Vale of White Horse,2020-09-29, 39,inferred
Vale of White Horse,2020-09-30, 39,inferred
Vale of White Horse,2020-10-01, 39,inferred
Vale of White Horse,2020-10-02, 39,inferred
Vale of White Horse,2020-10-03, 54,inferred
Vale of White Horse,2020-10-04, 54,inferred
Vale of White Horse,2020-10-05, 54,inferred
Vale of White Horse,2020-10-06, 54,inferred
Vale of White Horse,2020-10-07, 54,inferred
Vale of White Horse,2020-10-08, 54,inferred
Vale of White Horse,2020-10-09, 54,inferred
Vale of White Horse,2020-10-10, 74,inferred
Vale of White Horse,2020-10-11, 74,inferred
Vale of White Horse,2020-10-12, 74,inferred
Vale of White Horse,2020-10-13, 74,inferred
Vale of White Horse,2020-10-14, 74,inferred
Vale of White Horse,2020-10-15, 74,inferred
Vale of White Horse,2020-10-16, 74,inferred
Vale of White Horse,2020-10-17,107,inferred
Vale of White Horse,2020-10-18,107,inferred
Vale of White Horse,2020-10-19,107,inferred
Vale of White Horse,2020-10-20,107,inferred
Vale of White Horse,2020-10-21,107,inferred
Vale of White Horse,2020-10-22,107,inferred
Vale of White Horse,2020-10-23,107,inferred
Vale of White Horse,2020-10-24,105,inferred
Vale of White Horse,2020-10-25,105,inferred
Vale of White Horse,2020-10-26,105,inferred
Vale of White Horse,2020-10-27,105,inferred
Vale of White Horse,2020-10-28,105,inferred
Vale of White Horse,2020-10-29,105,inferred
Vale of White Horse,2020-10-30,105,inferred
Vale of White Horse,2020-10-31,148,inferred
Vale of White Horse,2020-11-01,148,inferred
Vale of White Horse,2020-11-02,148,inferred
Vale of White Horse,2020-11-03,148,inferred
Vale of White Horse,2020-11-04,148,inferred
Vale of White Horse,2020-11-05,148,inferred
Vale of White Horse,2020-11-06,148,inferred
Vale of White Horse,2020-11-07,196,inferred
Vale of White Horse,2020-11-08,196,inferred
Vale of White Horse,2020-11-09,196,inferred
Vale of White Horse,2020-11-10,196,inferred
Vale of White Horse,2020-11-11,196,inferred
Vale of White Horse,2020-11-12,196,inferred
Vale of White Horse,2020-11-13,196,inferred
Vale of White Horse,2020-11-14,101,inferred
Vale of White Horse,2020-11-15,101,inferred
Vale of White Horse,2020-11-16,101,inferred
Vale of White Horse,2020-11-17,101,inferred
Vale of White Horse,2020-11-18,101,inferred
Vale of White Horse,2020-11-19,101,inferred
Vale of White Horse,2020-11-20,101,inferred
Vale of White Horse,2020-11-21, 84,projected
Vale of White Horse,2020-11-22, 84,projected
Vale of White Horse,2020-11-23, 84,projected
Vale of White Horse,2020-11-24, 84,projected
Vale of White Horse,2020-11-25, 84,projected
Vale of White Horse,2020-11-26, 84,projected
Vale of White Horse,2020-11-27, 84,projected
Vale of White Horse,2020-11-28,103,projected
Vale of White Horse,2020-11-29,103,projected
Vale of White Horse,2020-11-30,103,projected
Vale of White Horse,2020-12-01,103,projected
Vale of White Horse,2020-12-02,103,projected
Vale of White Horse,2020-12-03,103,projected
Vale of White Horse,2020-12-04,103,projected
Vale of White Horse,2020-12-05, 95,projected
Vale of White Horse,2020-12-06, 95,projected
Vale of White Horse,2020-12-07, 95,projected
Vale of White Horse,2020-12-08, 95,projected
Vale of White Horse,2020-12-09, 95,projected
Vale of White Horse,2020-12-10, 95,projected
Vale of White Horse,2020-12-11, 95,projected
West Berkshire,2020-08-01,  5,inferred
West Berkshire,2020-08-02,  5,inferred
West Berkshire,2020-08-03,  5,inferred
West Berkshire,2020-08-04,  5,inferred
West Berkshire,2020-08-05,  5,inferred
West Berkshire,2020-08-06,  5,inferred
West Berkshire,2020-08-07,  5,inferred
West Berkshire,2020-08-08,  7,inferred
West Berkshire,2020-08-09,  7,inferred
West Berkshire,2020-08-10,  7,inferred
West Berkshire,2020-08-11,  7,inferred
West Berkshire,2020-08-12,  7,inferred
West Berkshire,2020-08-13,  7,inferred
West Berkshire,2020-08-14,  7,inferred
West Berkshire,2020-08-15,  7,inferred
West Berkshire,2020-08-16,  7,inferred
West Berkshire,2020-08-17,  7,inferred
West Berkshire,2020-08-18,  7,inferred
West Berkshire,2020-08-19,  7,inferred
West Berkshire,2020-08-20,  7,inferred
West Berkshire,2020-08-21,  7,inferred
West Berkshire,2020-08-22, 14,inferred
West Berkshire,2020-08-23, 14,inferred
West Berkshire,2020-08-24, 14,inferred
West Berkshire,2020-08-25, 14,inferred
West Berkshire,2020-08-26, 14,inferred
West Berkshire,2020-08-27, 14,inferred
West Berkshire,2020-08-28, 14,inferred
West Berkshire,2020-08-29, 15,inferred
West Berkshire,2020-08-30, 15,inferred
West Berkshire,2020-08-31, 15,inferred
West Berkshire,2020-09-01, 15,inferred
West Berkshire,2020-09-02, 15,inferred
West Berkshire,2020-09-03, 15,inferred
West Berkshire,2020-09-04, 15,inferred
West Berkshire,2020-09-05, 10,inferred
West Berkshire,2020-09-06, 10,inferred
West Berkshire,2020-09-07, 10,inferred
West Berkshire,2020-09-08, 10,inferred
West Berkshire,2020-09-09, 10,inferred
West Berkshire,2020-09-10, 10,inferred
West Berkshire,2020-09-11, 10,inferred
West Berkshire,2020-09-12, 15,inferred
West Berkshire,2020-09-13, 15,inferred
West Berkshire,2020-09-14, 15,inferred
West Berkshire,2020-09-15, 15,inferred
West Berkshire,2020-09-16, 15,inferred
West Berkshire,2020-09-17, 15,inferred
West Berkshire,2020-09-18, 15,inferred
West Berkshire,2020-09-19, 34,inferred
West Berkshire,2020-09-20, 34,inferred
West Berkshire,2020-09-21, 34,inferred
West Berkshire,2020-09-22, 34,inferred
West Berkshire,2020-09-23, 34,inferred
West Berkshire,2020-09-24, 34,inferred
West Berkshire,2020-09-25, 34,inferred
West Berkshire,2020-09-26, 46,inferred
West Berkshire,2020-09-27, 46,inferred
West Berkshire,2020-09-28, 46,inferred
West Berkshire,2020-09-29, 46,inferred
West Berkshire,2020-09-30, 46,inferred
West Berkshire,2020-10-01, 46,inferred
West Berkshire,2020-10-02, 46,inferred
West Berkshire,2020-10-03, 55,inferred
West Berkshire,2020-10-04, 55,inferred
West Berkshire,2020-10-05, 55,inferred
West Berkshire,2020-10-06, 55,inferred
West Berkshire,2020-10-07, 55,inferred
West Berkshire,2020-10-08, 55,inferred
West Berkshire,2020-10-09, 55,inferred
West Berkshire,2020-10-10, 80,inferred
West Berkshire,2020-10-11, 80,inferred
West Berkshire,2020-10-12, 80,inferred
West Berkshire,2020-10-13, 80,inferred
West Berkshire,2020-10-14, 80,inferred
West Berkshire,2020-10-15, 80,inferred
West Berkshire,2020-10-16, 80,inferred
West Berkshire,2020-10-17,126,inferred
West Berkshire,2020-10-18,126,inferred
West Berkshire,2020-10-19,126,inferred
West Berkshire,2020-10-20,126,inferred
West Berkshire,2020-10-21,126,inferred
West Berkshire,2020-10-22,126,inferred
West Berkshire,2020-10-23,126,inferred
West Berkshire,2020-10-24,145,inferred
West Berkshire,2020-10-25,145,inferred
West Berkshire,2020-10-26,145,inferred
West Berkshire,2020-10-27,145,inferred
West Berkshire,2020-10-28,145,inferred
West Berkshire,2020-10-29,145,inferred
West Berkshire,2020-10-30,145,inferred
West Berkshire,2020-10-31,170,inferred
West Berkshire,2020-11-01,170,inferred
West Berkshire,2020-11-02,170,inferred
West Berkshire,2020-11-03,170,inferred
West Berkshire,2020-11-04,170,inferred
West Berkshire,2020-11-05,170,inferred
West Berkshire,2020-11-06,170,inferred
West Berkshire,2020-11-07,202,inferred
West Berkshire,2020-11-08,202,inferred
West Berkshire,2020-11-09,202,inferred
West Berkshire,2020-11-10,202,inferred
West Berkshire,2020-11-11,202,inferred
West Berkshire,2020-11-12,202,inferred
West Berkshire,2020-11-13,202,inferred
West Berkshire,2020-11-14,152,inferred
West Berkshire,2020-11-15,152,inferred
West Berkshire,2020-11-16,152,inferred
West Berkshire,2020-11-17,152,inferred
West Berkshire,2020-11-18,152,inferred
West Berkshire,2020-11-19,152,inferred
West Berkshire,2020-11-20,152,inferred
West Berkshire,2020-11-21, 79,projected
West Berkshire,2020-11-22, 79,projected
West Berkshire,2020-11-23, 79,projected
West Berkshire,2020-11-24, 79,projected
West Berkshire,2020-11-25, 79,projected
West Berkshire,2020-11-26, 79,projected
West Berkshire,2020-11-27, 79,projected
West Berkshire,2020-11-28,205,projected
West Berkshire,2020-11-29,205,projected
West Berkshire,2020-11-30,205,projected
West Berkshire,2020-12-01,205,projected
West Berkshire,2020-12-02,205,projected
West Berkshire,2020-12-03,205,projected
West Berkshire,2020-12-04,205,projected
West Berkshire,2020-12-05,189,projected
West Berkshire,2020-12-06,189,projected
West Berkshire,2020-12-07,189,projected
West Berkshire,2020-12-08,189,projected
West Berkshire,2020-12-09,189,projected
West Berkshire,2020-12-10,189,projected
West Berkshire,2020-12-11,189,projected
West Oxfordshire,2020-08-01,  6,inferred
West Oxfordshire,2020-08-02,  6,inferred
West Oxfordshire,2020-08-03,  6,inferred
West Oxfordshire,2020-08-04,  6,inferred
West Oxfordshire,2020-08-05,  6,inferred
West Oxfordshire,2020-08-06,  6,inferred
West Oxfordshire,2020-08-07,  6,inferred
West Oxfordshire,2020-08-08, 10,inferred
West Oxfordshire,2020-08-09, 10,inferred
West Oxfordshire,2020-08-10, 10,inferred
West Oxfordshire,2020-08-11, 10,inferred
West Oxfordshire,2020-08-12, 10,inferred
West Oxfordshire,2020-08-13, 10,inferred
West Oxfordshire,2020-08-14, 10,inferred
West Oxfordshire,2020-08-15,  5,inferred
West Oxfordshire,2020-08-16,  5,inferred
West Oxfordshire,2020-08-17,  5,inferred
West Oxfordshire,2020-08-18,  5,inferred
West Oxfordshire,2020-08-19,  5,inferred
West Oxfordshire,2020-08-20,  5,inferred
West Oxfordshire,2020-08-21,  5,inferred
West Oxfordshire,2020-08-22, 10,inferred
West Oxfordshire,2020-08-23, 10,inferred
West Oxfordshire,2020-08-24, 10,inferred
West Oxfordshire,2020-08-25, 10,inferred
West Oxfordshire,2020-08-26, 10,inferred
West Oxfordshire,2020-08-27, 10,inferred
West Oxfordshire,2020-08-28, 10,inferred
West Oxfordshire,2020-08-29, 16,inferred
West Oxfordshire,2020-08-30, 16,inferred
West Oxfordshire,2020-08-31, 16,inferred
West Oxfordshire,2020-09-01, 16,inferred
West Oxfordshire,2020-09-02, 16,inferred
West Oxfordshire,2020-09-03, 16,inferred
West Oxfordshire,2020-09-04, 16,inferred
West Oxfordshire,2020-09-05, 12,inferred
West Oxfordshire,2020-09-06, 12,inferred
West Oxfordshire,2020-09-07, 12,inferred
West Oxfordshire,2020-09-08, 12,inferred
West Oxfordshire,2020-09-09, 12,inferred
West Oxfordshire,2020-09-10, 12,inferred
West Oxfordshire,2020-09-11, 12,inferred
West Oxfordshire,2020-09-12,  8,inferred
West Oxfordshire,2020-09-13,  8,inferred
West Oxfordshire,2020-09-14,  8,inferred
West Oxfordshire,2020-09-15,  8,inferred
West Oxfordshire,2020-09-16,  8,inferred
West Oxfordshire,2020-09-17,  8,inferred
West Oxfordshire,2020-09-18,  8,inferred
West Oxfordshire,2020-09-19,  7,inferred
West Oxfordshire,2020-09-20,  7,inferred
West Oxfordshire,2020-09-21,  7,inferred
West Oxfordshire,2020-09-22,  7,inferred
West Oxfordshire,2020-09-23,  7,inferred
West Oxfordshire,2020-09-24,  7,inferred
West Oxfordshire,2020-09-25,  7,inferred
West Oxfordshire,2020-09-26, 22,inferred
West Oxfordshire,2020-09-27, 22,inferred
West Oxfordshire,2020-09-28, 22,inferred
West Oxfordshire,2020-09-29, 22,inferred
West Oxfordshire,2020-09-30, 22,inferred
West Oxfordshire,2020-10-01, 22,inferred
West Oxfordshire,2020-10-02, 22,inferred
West Oxfordshire,2020-10-03, 52,inferred
West Oxfordshire,2020-10-04, 52,inferred
West Oxfordshire,2020-10-05, 52,inferred
West Oxfordshire,2020-10-06, 52,inferred
West Oxfordshire,2020-10-07, 52,inferred
West Oxfordshire,2020-10-08, 52,inferred
West Oxfordshire,2020-10-09, 52,inferred
West Oxfordshire,2020-10-10, 60,inferred
West Oxfordshire,2020-10-11, 60,inferred
West Oxfordshire,2020-10-12, 60,inferred
West Oxfordshire,2020-10-13, 60,inferred
West Oxfordshire,2020-10-14, 60,inferred
West Oxfordshire,2020-10-15, 60,inferred
West Oxfordshire,2020-10-16, 60,inferred
West Oxfordshire,2020-10-17,126,inferred
West Oxfordshire,2020-10-18,126,inferred
West Oxfordshire,2020-10-19,126,inferred
West Oxfordshire,2020-10-20,126,inferred
West Oxfordshire,2020-10-21,126,inferred
West Oxfordshire,2020-10-22,126,inferred
West Oxfordshire,2020-10-23,126,inferred
West Oxfordshire,2020-10-24,132,inferred
West Oxfordshire,2020-10-25,132,inferred
West Oxfordshire,2020-10-26,132,inferred
West Oxfordshire,2020-10-27,132,inferred
West Oxfordshire,2020-10-28,132,inferred
West Oxfordshire,2020-10-29,132,inferred
West Oxfordshire,2020-10-30,132,inferred
West Oxfordshire,2020-10-31,154,inferred
West Oxfordshire,2020-11-01,154,inferred
West Oxfordshire,2020-11-02,154,inferred
West Oxfordshire,2020-11-03,154,inferred
West Oxfordshire,2020-11-04,154,inferred
West Oxfordshire,2020-11-05,154,inferred
West Oxfordshire,2020-11-06,154,inferred
West Oxfordshire,2020-11-07,140,inferred
West Oxfordshire,2020-11-08,140,inferred
West Oxfordshire,2020-11-09,140,inferred
West Oxfordshire,2020-11-10,140,inferred
West Oxfordshire,2020-11-11,140,inferred
West Oxfordshire,2020-11-12,140,inferred
West Oxfordshire,2020-11-13,140,inferred
West Oxfordshire,2020-11-14, 89,inferred
West Oxfordshire,2020-11-15, 89,inferred
West Oxfordshire,2020-11-16, 89,inferred
West Oxfordshire,2020-11-17, 89,inferred
West Oxfordshire,2020-11-18, 89,inferred
West Oxfordshire,2020-11-19, 89,inferred
West Oxfordshire,2020-11-20, 89,inferred
West Oxfordshire,2020-11-21, 46,projected
West Oxfordshire,2020-11-22, 46,projected
West Oxfordshire,2020-11-23, 46,projected
West Oxfordshire,2020-11-24, 46,projected
West Oxfordshire,2020-11-25, 46,projected
West Oxfordshire,2020-11-26, 46,projected
West Oxfordshire,2020-11-27, 46,projected
West Oxfordshire,2020-11-28, 75,projected
West Oxfordshire,2020-11-29, 75,projected
West Oxfordshire,2020-11-30, 75,projected
West Oxfordshire,2020-12-01, 75,projected
West Oxfordshire,2020-12-02, 75,projected
West Oxfordshire,2020-12-03, 75,projected
West Oxfordshire,2020-12-04, 75,projected
West Oxfordshire,2020-12-05, 71,projected
West Oxfordshire,2020-12-06, 71,projected
West Oxfordshire,2020-12-07, 71,projected
West Oxfordshire,2020-12-08, 71,projected
West Oxfordshire,2020-12-09, 71,projected
West Oxfordshire,2020-12-10, 71,projected
West Oxfordshire,2020-12-11, 71,projected
Windsor and Maidenhead,2020-08-01, 10,inferred
Windsor and Maidenhead,2020-08-02, 10,inferred
Windsor and Maidenhead,2020-08-03, 10,inferred
Windsor and Maidenhead,2020-08-04, 10,inferred
Windsor and Maidenhead,2020-08-05, 10,inferred
Windsor and Maidenhead,2020-08-06, 10,inferred
Windsor and Maidenhead,2020-08-07, 10,inferred
Windsor and Maidenhead,2020-08-08,  8,inferred
Windsor and Maidenhead,2020-08-09,  8,inferred
Windsor and Maidenhead,2020-08-10,  8,inferred
Windsor and Maidenhead,2020-08-11,  8,inferred
Windsor and Maidenhead,2020-08-12,  8,inferred
Windsor and Maidenhead,2020-08-13,  8,inferred
Windsor and Maidenhead,2020-08-14,  8,inferred
Windsor and Maidenhead,2020-08-15, 33,inferred
Windsor and Maidenhead,2020-08-16, 33,inferred
Windsor and Maidenhead,2020-08-17, 33,inferred
Windsor and Maidenhead,2020-08-18, 33,inferred
Windsor and Maidenhead,2020-08-19, 33,inferred
Windsor and Maidenhead,2020-08-20, 33,inferred
Windsor and Maidenhead,2020-08-21, 33,inferred
Windsor and Maidenhead,2020-08-22, 27,inferred
Windsor and Maidenhead,2020-08-23, 27,inferred
Windsor and Maidenhead,2020-08-24, 27,inferred
Windsor and Maidenhead,2020-08-25, 27,inferred
Windsor and Maidenhead,2020-08-26, 27,inferred
Windsor and Maidenhead,2020-08-27, 27,inferred
Windsor and Maidenhead,2020-08-28, 27,inferred
Windsor and Maidenhead,2020-08-29, 28,inferred
Windsor and Maidenhead,2020-08-30, 28,inferred
Windsor and Maidenhead,2020-08-31, 28,inferred
Windsor and Maidenhead,2020-09-01, 28,inferred
Windsor and Maidenhead,2020-09-02, 28,inferred
Windsor and Maidenhead,2020-09-03, 28,inferred
Windsor and Maidenhead,2020-09-04, 28,inferred
Windsor and Maidenhead,2020-09-05, 70,inferred
Windsor and Maidenhead,2020-09-06, 70,inferred
Windsor and Maidenhead,2020-09-07, 70,inferred
Windsor and Maidenhead,2020-09-08, 70,inferred
Windsor and Maidenhead,2020-09-09, 70,inferred
Windsor and Maidenhead,2020-09-10, 70,inferred
Windsor and Maidenhead,2020-09-11, 70,inferred
Windsor and Maidenhead,2020-09-12, 40,inferred
Windsor and Maidenhead,2020-09-13, 40,inferred
Windsor and Maidenhead,2020-09-14, 40,inferred
Windsor and Maidenhead,2020-09-15, 40,inferred
Windsor and Maidenhead,2020-09-16, 40,inferred
Windsor and Maidenhead,2020-09-17, 40,inferred
Windsor and Maidenhead,2020-09-18, 40,inferred
Windsor and Maidenhead,2020-09-19, 37,inferred
Windsor and Maidenhead,2020-09-20, 37,inferred
Windsor and Maidenhead,2020-09-21, 37,inferred
Windsor and Maidenhead,2020-09-22, 37,inferred
Windsor and Maidenhead,2020-09-23, 37,inferred
Windsor and Maidenhead,2020-09-24, 37,inferred
Windsor and Maidenhead,2020-09-25, 37,inferred
Windsor and Maidenhead,2020-09-26, 61,inferred
Windsor and Maidenhead,2020-09-27, 61,inferred
Windsor and Maidenhead,2020-09-28, 61,inferred
Windsor and Maidenhead,2020-09-29, 61,inferred
Windsor and Maidenhead,2020-09-30, 61,inferred
Windsor and Maidenhead,2020-10-01, 61,inferred
Windsor and Maidenhead,2020-10-02, 61,inferred
Windsor and Maidenhead,2020-10-03,146,inferred
Windsor and Maidenhead,2020-10-04,146,inferred
Windsor and Maidenhead,2020-10-05,146,inferred
Windsor and Maidenhead,2020-10-06,146,inferred
Windsor and Maidenhead,2020-10-07,146,inferred
Windsor and Maidenhead,2020-10-08,146,inferred
Windsor and Maidenhead,2020-10-09,146,inferred
Windsor and Maidenhead,2020-10-10,162,inferred
Windsor and Maidenhead,2020-10-11,162,inferred
Windsor and Maidenhead,2020-10-12,162,inferred
Windsor and Maidenhead,2020-10-13,162,inferred
Windsor and Maidenhead,2020-10-14,162,inferred
Windsor and Maidenhead,2020-10-15,162,inferred
Windsor and Maidenhead,2020-10-16,162,inferred
Windsor and Maidenhead,2020-10-17,193,inferred
Windsor and Maidenhead,2020-10-18,193,inferred
Windsor and Maidenhead,2020-10-19,193,inferred
Windsor and Maidenhead,2020-10-20,193,inferred
Windsor and Maidenhead,2020-10-21,193,inferred
Windsor and Maidenhead,2020-10-22,193,inferred
Windsor and Maidenhead,2020-10-23,193,inferred
Windsor and Maidenhead,2020-10-24,217,inferred
Windsor and Maidenhead,2020-10-25,217,inferred
Windsor and Maidenhead,2020-10-26,217,inferred
Windsor and Maidenhead,2020-10-27,217,inferred
Windsor and Maidenhead,2020-10-28,217,inferred
Windsor and Maidenhead,2020-10-29,217,inferred
Windsor and Maidenhead,2020-10-30,217,inferred
Windsor and Maidenhead,2020-10-31,247,inferred
Windsor and Maidenhead,2020-11-01,247,inferred
Windsor and Maidenhead,2020-11-02,247,inferred
Windsor and Maidenhead,2020-11-03,247,inferred
Windsor and Maidenhead,2020-11-04,247,inferred
Windsor and Maidenhead,2020-11-05,247,inferred
Windsor and Maidenhead,2020-11-06,247,inferred
Windsor and Maidenhead,2020-11-07,298,inferred
Windsor and Maidenhead,2020-11-08,298,inferred
Windsor and Maidenhead,2020-11-09,298,inferred
Windsor and Maidenhead,2020-11-10,298,inferred
Windsor and Maidenhead,2020-11-11,298,inferred
Windsor and Maidenhead,2020-11-12,298,inferred
Windsor and Maidenhead,2020-11-13,298,inferred
Windsor and Maidenhead,2020-11-14,213,inferred
Windsor and Maidenhead,2020-11-15,213,inferred
Windsor and Maidenhead,2020-11-16,213,inferred
Windsor and Maidenhead,2020-11-17,213,inferred
Windsor and Maidenhead,2020-11-18,213,inferred
Windsor and Maidenhead,2020-11-19,213,inferred
Windsor and Maidenhead,2020-11-20,213,inferred
Windsor and Maidenhead,2020-11-21,153,projected
Windsor and Maidenhead,2020-11-22,153,projected
Windsor and Maidenhead,2020-11-23,153,projected
Windsor and Maidenhead,2020-11-24,153,projected
Windsor and Maidenhead,2020-11-25,153,projected
Windsor and Maidenhead,2020-11-26,153,projected
Windsor and Maidenhead,2020-11-27,153,projected
Windsor and Maidenhead,2020-11-28,241,projected
Windsor and Maidenhead,2020-11-29,241,projected
Windsor and Maidenhead,2020-11-30,241,projected
Windsor and Maidenhead,2020-12-01,241,projected
Windsor and Maidenhead,2020-12-02,241,projected
Windsor and Maidenhead,2020-12-03,241,projected
Windsor and Maidenhead,2020-12-04,241,projected
Windsor and Maidenhead,2020-12-05,229,projected
Windsor and Maidenhead,2020-12-06,229,projected
Windsor and Maidenhead,2020-12-07,229,projected
Windsor and Maidenhead,2020-12-08,229,projected
Windsor and Maidenhead,2020-12-09,229,projected
Windsor and Maidenhead,2020-12-10,229,projected
Windsor and Maidenhead,2020-12-11,229,projected
Wokingham,2020-08-01,  4,inferred
Wokingham,2020-08-02,  4,inferred
Wokingham,2020-08-03,  4,inferred
Wokingham,2020-08-04,  4,inferred
Wokingham,2020-08-05,  4,inferred
Wokingham,2020-08-06,  4,inferred
Wokingham,2020-08-07,  4,inferred
Wokingham,2020-08-08,  4,inferred
Wokingham,2020-08-09,  4,inferred
Wokingham,2020-08-10,  4,inferred
Wokingham,2020-08-11,  4,inferred
Wokingham,2020-08-12,  4,inferred
Wokingham,2020-08-13,  4,inferred
Wokingham,2020-08-14,  4,inferred
Wokingham,2020-08-15, 10,inferred
Wokingham,2020-08-16, 10,inferred
Wokingham,2020-08-17, 10,inferred
Wokingham,2020-08-18, 10,inferred
Wokingham,2020-08-19, 10,inferred
Wokingham,2020-08-20, 10,inferred
Wokingham,2020-08-21, 10,inferred
Wokingham,2020-08-22, 12,inferred
Wokingham,2020-08-23, 12,inferred
Wokingham,2020-08-24, 12,inferred
Wokingham,2020-08-25, 12,inferred
Wokingham,2020-08-26, 12,inferred
Wokingham,2020-08-27, 12,inferred
Wokingham,2020-08-28, 12,inferred
Wokingham,2020-08-29, 22,inferred
Wokingham,2020-08-30, 22,inferred
Wokingham,2020-08-31, 22,inferred
Wokingham,2020-09-01, 22,inferred
Wokingham,2020-09-02, 22,inferred
Wokingham,2020-09-03, 22,inferred
Wokingham,2020-09-04, 22,inferred
Wokingham,2020-09-05, 18,inferred
Wokingham,2020-09-06, 18,inferred
Wokingham,2020-09-07, 18,inferred
Wokingham,2020-09-08, 18,inferred
Wokingham,2020-09-09, 18,inferred
Wokingham,2020-09-10, 18,inferred
Wokingham,2020-09-11, 18,inferred
Wokingham,2020-09-12, 11,inferred
Wokingham,2020-09-13, 11,inferred
Wokingham,2020-09-14, 11,inferred
Wokingham,2020-09-15, 11,inferred
Wokingham,2020-09-16, 11,inferred
Wokingham,2020-09-17, 11,inferred
Wokingham,2020-09-18, 11,inferred
Wokingham,2020-09-19, 42,inferred
Wokingham,2020-09-20, 42,inferred
Wokingham,2020-09-21, 42,inferred
Wokingham,2020-09-22, 42,inferred
Wokingham,2020-09-23, 42,inferred
Wokingham,2020-09-24, 42,inferred
Wokingham,2020-09-25, 42,inferred
Wokingham,2020-09-26, 50,inferred
Wokingham,2020-09-27, 50,inferred
Wokingham,2020-09-28, 50,inferred
Wokingham,2020-09-29, 50,inferred
Wokingham,2020-09-30, 50,inferred
Wokingham,2020-10-01, 50,inferred
Wokingham,2020-10-02, 50,inferred
Wokingham,2020-10-03, 76,inferred
Wokingham,2020-10-04, 76,inferred
Wokingham,2020-10-05, 76,inferred
Wokingham,2020-10-06, 76,inferred
Wokingham,2020-10-07, 76,inferred
Wokingham,2020-10-08, 76,inferred
Wokingham,2020-10-09, 76,inferred
Wokingham,2020-10-10,119,inferred
Wokingham,2020-10-11,119,inferred
Wokingham,2020-10-12,119,inferred
Wokingham,2020-10-13,119,inferred
Wokingham,2020-10-14,119,inferred
Wokingham,2020-10-15,119,inferred
Wokingham,2020-10-16,119,inferred
Wokingham,2020-10-17,170,inferred
Wokingham,2020-10-18,170,inferred
Wokingham,2020-10-19,170,inferred
Wokingham,2020-10-20,170,inferred
Wokingham,2020-10-21,170,inferred
Wokingham,2020-10-22,170,inferred
Wokingham,2020-10-23,170,inferred
Wokingham,2020-10-24,146,inferred
Wokingham,2020-10-25,146,inferred
Wokingham,2020-10-26,146,inferred
Wokingham,2020-10-27,146,inferred
Wokingham,2020-10-28,146,inferred
Wokingham,2020-10-29,146,inferred
Wokingham,2020-10-30,146,inferred
Wokingham,2020-10-31,205,inferred
Wokingham,2020-11-01,205,inferred
Wokingham,2020-11-02,205,inferred
Wokingham,2020-11-03,205,inferred
Wokingham,2020-11-04,205,inferred
Wokingham,2020-11-05,205,inferred
Wokingham,2020-11-06,205,inferred
Wokingham,2020-11-07,260,inferred
Wokingham,2020-11-08,260,inferred
Wokingham,2020-11-09,260,inferred
Wokingham,2020-11-10,260,inferred
Wokingham,2020-11-11,260,inferred
Wokingham,2020-11-12,260,inferred
Wokingham,2020-11-13,260,inferred
Wokingham,2020-11-14,167,inferred
Wokingham,2020-11-15,167,inferred
Wokingham,2020-11-16,167,inferred
Wokingham,2020-11-17,167,inferred
Wokingham,2020-11-18,167,inferred
Wokingham,2020-11-19,167,inferred
Wokingham,2020-11-20,167,inferred
Wokingham,2020-11-21,168,projected
Wokingham,2020-11-22,168,projected
Wokingham,2020-11-23,168,projected
Wokingham,2020-11-24,168,projected
Wokingham,2020-11-25,168,projected
Wokingham,2020-11-26,168,projected
Wokingham,2020-11-27,168,projected
Wokingham,2020-11-28,245,projected
Wokingham,2020-11-29,245,projected
Wokingham,2020-11-30,245,projected
Wokingham,2020-12-01,245,projected
Wokingham,2020-12-02,245,projected
Wokingham,2020-12-03,245,projected
Wokingham,2020-12-04,245,projected
Wokingham,2020-12-05,227,projected
Wokingham,2020-12-06,227,projected
Wokingham,2020-12-07,227,projected
Wokingham,2020-12-08,227,projected
Wokingham,2020-12-09,227,projected
Wokingham,2020-12-10,227,projected
Wokingham,2020-12-11,227,projected
